{"cameraMode":{"drawMode":0,"name":"Shaded","section":"Shading Mode"},"sceneLighting":true,"audioPlay":false,"sceneViewState":{"m_AlwaysRefresh":false,"showFog":true,"showSkybox":true,"showFlares":true,"showImageEffects":true,"showParticleSystems":true,"showVisualEffectGraphs":true,"m_FxEnabled":true},"in2DMode":false,"pivot":{"x":-0.8404884338378906,"y":35.325218200683597,"z":-29.17379379272461},"rotation":{"x":0.44738084077835085,"y":-0.024774549528956415,"z":0.011440757662057877,"w":0.8943236470222473},"size":20.121633529663087,"orthographic":false}