{"cameraMode":{"drawMode":0,"name":"Shaded","section":"Shading Mode"},"sceneLighting":true,"audioPlay":false,"sceneViewState":{"m_AlwaysRefresh":false,"showFog":true,"showSkybox":true,"showFlares":true,"showImageEffects":true,"showParticleSystems":true,"showVisualEffectGraphs":true,"m_FxEnabled":true},"in2DMode":false,"pivot":{"x":-10.776566505432129,"y":1.6402606964111329,"z":0.7236461639404297},"rotation":{"x":0.046665776520967486,"y":-0.4691486358642578,"z":0.02468135580420494,"w":0.8816738724708557},"size":4.356074810028076,"orthographic":false}